pair_id,issue,prediction_status,leakage_controlled,actual_changed_files,file_precision,file_recall,interval_precision,interval_recall,missed_files,irrelevant_files
p-8656-8728,8656,missing,true,8,,,,,,
p-8656-8728,8728,missing,true,1,,,,,,
p-8758-8757,8758,missing,true,7,,,,,,
p-8758-8757,8757,missing,true,15,,,,,,
p-8683-8770,8683,missing,true,3,,,,,,
p-8683-8770,8770,missing,true,9,,,,,,
p-8785-8795,8785,missing,true,22,,,,,,
p-8785-8795,8795,missing,true,4,,,,,,
p-8824-8796,8824,missing,true,32,,,,,,
p-8824-8796,8796,missing,true,6,,,,,,
p-8832-8786,8832,missing,true,8,,,,,,
p-8832-8786,8786,missing,true,37,,,,,,
p-8896-8895,8896,missing,true,6,,,,,,
p-8896-8895,8895,missing,true,7,,,,,,
p-8699-8912,8699,missing,true,11,,,,,,
p-8699-8912,8912,missing,true,5,,,,,,
p-8919-8700,8919,missing,true,17,,,,,,
p-8919-8700,8700,missing,true,2,,,,,,
p-8944-8787,8944,missing,true,6,,,,,,
p-8944-8787,8787,missing,true,30,,,,,,
p-8968-8959,8968,missing,true,5,,,,,,
p-8968-8959,8959,missing,true,2,,,,,,
p-8987-9029,8987,missing,true,5,,,,,,
p-8987-9029,9029,missing,true,9,,,,,,
