signal,threshold,tp,fp,fn,tn,precision,recall,f1,serialize_rate,n
skew_num|>=t,0,67,54,0,0,0.554,1.0,0.713,1.0,121
skew_num|>=t,1,67,53,0,1,0.558,1.0,0.717,0.992,121
skew_num|>=t,3,67,52,0,2,0.563,1.0,0.72,0.983,121
skew_num|>=t,5,66,48,1,6,0.579,0.985,0.729,0.942,121
skew_num|>=t,10,65,44,2,10,0.596,0.97,0.739,0.901,121
skew_num|>=t,15,62,37,5,17,0.626,0.925,0.747,0.818,121
skew_num|>=t,20,62,35,5,19,0.639,0.925,0.756,0.802,121
skew_num|>=t,25,58,32,9,22,0.644,0.866,0.739,0.744,121
skew_num|>=t,40,52,26,15,28,0.667,0.776,0.717,0.645,121
skew_num|>=t,60,43,22,24,32,0.662,0.642,0.652,0.537,121
skew_num|>=t,100,30,20,37,34,0.6,0.448,0.513,0.413,121
skew_num|>=t,150,22,16,45,38,0.579,0.328,0.419,0.314,121
skew_num|>=t,300,11,6,56,48,0.647,0.164,0.262,0.14,121
skew_num|>=t,10000,0,0,67,54,0.0,0.0,0.0,0.0,121
skew_num|<=t,0,0,1,67,53,0.0,0.0,0.0,0.008,121
skew_num|<=t,1,0,1,67,53,0.0,0.0,0.0,0.008,121
skew_num|<=t,3,1,4,66,50,0.2,0.015,0.028,0.041,121
skew_num|<=t,5,2,9,65,45,0.182,0.03,0.051,0.091,121
skew_num|<=t,10,3,11,64,43,0.214,0.045,0.074,0.116,121
skew_num|<=t,15,5,17,62,37,0.227,0.075,0.112,0.182,121
skew_num|<=t,20,7,20,60,34,0.259,0.104,0.149,0.223,121
skew_num|<=t,25,9,23,58,31,0.281,0.134,0.182,0.264,121
skew_num|<=t,40,16,29,51,25,0.356,0.239,0.286,0.372,121
skew_num|<=t,60,25,32,42,22,0.439,0.373,0.403,0.471,121
skew_num|<=t,100,37,34,30,20,0.521,0.552,0.536,0.587,121
skew_num|<=t,150,45,38,22,16,0.542,0.672,0.6,0.686,121
skew_num|<=t,300,56,48,11,6,0.538,0.836,0.655,0.86,121
skew_num|<=t,10000,67,54,0,0,0.554,1.0,0.713,1.0,121
skew_num|>=t,0,22,99,0,0,0.182,1.0,0.308,1.0,121
skew_num|>=t,1,22,98,0,1,0.183,1.0,0.31,0.992,121
skew_num|>=t,3,22,97,0,2,0.185,1.0,0.312,0.983,121
skew_num|>=t,5,21,93,1,6,0.184,0.955,0.309,0.942,121
skew_num|>=t,10,19,90,3,9,0.174,0.864,0.29,0.901,121
skew_num|>=t,15,18,81,4,18,0.182,0.818,0.298,0.818,121
skew_num|>=t,20,17,80,5,19,0.175,0.773,0.286,0.802,121
skew_num|>=t,25,15,75,7,24,0.167,0.682,0.268,0.744,121
skew_num|>=t,40,13,65,9,34,0.167,0.591,0.26,0.645,121
skew_num|>=t,60,9,56,13,43,0.138,0.409,0.207,0.537,121
skew_num|>=t,100,3,47,19,52,0.06,0.136,0.083,0.413,121
skew_num|>=t,150,2,36,20,63,0.053,0.091,0.067,0.314,121
skew_num|>=t,300,1,16,21,83,0.059,0.045,0.051,0.14,121
skew_num|>=t,10000,0,0,22,99,0.0,0.0,0.0,0.0,121
skew_num|<=t,0,0,1,22,98,0.0,0.0,0.0,0.008,121
skew_num|<=t,1,0,1,22,98,0.0,0.0,0.0,0.008,121
skew_num|<=t,3,0,5,22,94,0.0,0.0,0.0,0.041,121
skew_num|<=t,5,2,9,20,90,0.182,0.091,0.121,0.091,121
skew_num|<=t,10,3,11,19,88,0.214,0.136,0.167,0.116,121
skew_num|<=t,15,4,18,18,81,0.182,0.182,0.182,0.182,121
skew_num|<=t,20,6,21,16,78,0.222,0.273,0.245,0.223,121
skew_num|<=t,25,7,25,15,74,0.219,0.318,0.259,0.264,121
skew_num|<=t,40,11,34,11,65,0.244,0.5,0.328,0.372,121
skew_num|<=t,60,13,44,9,55,0.228,0.591,0.329,0.471,121
skew_num|<=t,100,19,52,3,47,0.268,0.864,0.409,0.587,121
skew_num|<=t,150,20,63,2,36,0.241,0.909,0.381,0.686,121
skew_num|<=t,300,21,83,1,16,0.202,0.955,0.333,0.86,121
skew_num|<=t,10000,22,99,0,0,0.182,1.0,0.308,1.0,121
curator_baseline|>=t,0.0,1,23,0,0,0.042,1.0,0.08,1.0,24
curator_baseline|>=t,0.02,1,4,0,19,0.2,1.0,0.333,0.208,24
curator_baseline|>=t,0.05,0,4,1,19,0.0,0.0,0.0,0.167,24
curator_baseline|>=t,0.1,0,2,1,21,0.0,0.0,0.0,0.083,24
curator_baseline|>=t,0.15,0,0,1,23,0.0,0.0,0.0,0.0,24
curator_baseline|>=t,0.2,0,0,1,23,0.0,0.0,0.0,0.0,24
curator_baseline|>=t,0.3,0,0,1,23,0.0,0.0,0.0,0.0,24
curator_baseline|>=t,0.5,0,0,1,23,0.0,0.0,0.0,0.0,24
own_a|>=t,1,67,54,0,0,0.554,1.0,0.713,1.0,121
own_a|>=t,2,42,30,25,24,0.583,0.627,0.604,0.595,121
own_a|>=t,3,25,21,42,33,0.543,0.373,0.442,0.38,121
own_a|>=t,5,5,2,62,52,0.714,0.075,0.135,0.058,121
own_a|>=t,8,2,0,65,54,1.0,0.03,0.058,0.017,121
own_a|>=t,12,1,0,66,54,1.0,0.015,0.029,0.008,121
own_a|>=t,20,0,0,67,54,0.0,0.0,0.0,0.0,121
own_b|>=t,1,67,54,0,0,0.554,1.0,0.713,1.0,121
own_b|>=t,2,41,37,26,17,0.526,0.612,0.566,0.645,121
own_b|>=t,3,18,23,49,31,0.439,0.269,0.333,0.339,121
own_b|>=t,5,8,8,59,46,0.5,0.119,0.193,0.132,121
own_b|>=t,8,2,2,65,52,0.5,0.03,0.056,0.033,121
own_b|>=t,12,1,0,66,54,1.0,0.015,0.029,0.008,121
own_b|>=t,20,1,0,66,54,1.0,0.015,0.029,0.008,121
