q-9591-9585	0	26	1	1
q-9102-9134	0	169	3	1
q-9326-9107	0	550	3	1
q-9378-9391	0	624	3	3
q-9021-9088	0	125	2	3
q-9013-8921	0	135	1	3
q-9032-8968	0	36	1	2
q-9144-9392	0	233	5	1
q-9325-8840	0	288	1	4
q-9194-9312	0	255	3	4
q-8851-8825	0	39	3	1
q-9311-9135	0	60	2	2
q-8793-8792	0	5	1	1
q-8925-8896	0	111	3	1
q-9517-8884	0	119	5	8
q-8922-8875	442	0	3	5
q-9026-9007	0	583	14	2
q-9364-9140	0	640	2	3
q-9091-9060	0	21	4	3
q-8981-9051	467	0	1	9
q-9038-9015	0	11	4	2
q-9329-9301	0	841	1	6
q-9292-9083	0	272	4	3
q-8818-9253	0	36	4	5
q-9171-9133	243	0	2	2
q-9010-9188	0	34	1	2
q-8873-8816	23	0	3	5
q-9461-9287	311	0	1	4
q-9092-8987	0	197	1	2
q-9016-8940	0	104	1	3
q-9362-9686	0	54	3	4
q-8769-8754	0	13	1	1
q-9029-9036	0	116	1	1
q-9433-9432	0	22	1	1
q-8900-8930	0	27	3	4
q-9328-9576	0	265	1	3
q-9111-9067	0	452	3	2
q-9108-9440	4	0	2	2
q-9141-9231	0	443	1	1
q-9421-9366	0	44	1	1
q-9465-9445	0	59	2	1
q-9434-9552	0	248	4	1
q-9098-8912	0	166	2	1
q-8683-8773	0	24	1	2
q-9043-8976	0	479	4	1
q-9273-9239	0	317	2	3
q-9343-9077	0	1060	1	4
q-9357-9521	0	289	1	1
q-9109-9222	0	318	6	2
q-8787-8652	0	111	2	1
q-9090-8943	0	11	1	2
q-8845-8844	0	5	1	1
q-9278-9430	0	70	4	2
q-8699-8901	0	205	2	2
q-9048-9113	0	166	1	1
q-9586-9017	0	37	1	6
q-9318-9443	0	94	2	1
q-9321-9410	0	216	3	1
q-9620-9610	0	10	2	2
q-8602-8832	0	87	2	2
q-8878-8870	0	4	1	1
q-9327-8959	0	927	2	2
q-8857-8848	0	40	1	4
q-8895-8914	0	37	3	2
q-8856-8835	0	86	3	1
q-9124-8967	0	189	3	2
q-8995-8919	0	154	1	2
q-8786-8760	0	54	8	2
q-9310-9370	0	222	3	1
q-8992-8923	0	51	1	3
q-9596-9589	0	103	2	2
q-9122-9056	0	5	3	4
q-9597-9673	0	49	1	3
q-8993-8898	0	10	1	1
q-9331-9572	0	97	1	2
q-8608-8776	0	136	2	2
q-8934-8894	0	69	1	1
q-8767-8762	0	32	1	2
q-9630-9592	0	3	1	2
q-9724-9669	44	0	1	2
q-9772-9768	0	58	2	2
q-8872-8796	12	0	1	3
q-9315-9467	0	111	3	1
q-9599-9631	0	70	2	1
q-9294-9441	0	138	4	5
q-9683-9685	0	68	3	2
q-9106-9005	0	298	4	2
q-9442-9085	353	0	3	6
q-9565-9322	0	45	1	5
q-8886-8837	5	0	1	4
q-8927-8711	0	88	3	2
q-8697-8712	0	64	2	1
q-8700-8716	0	234	1	1
q-9672-9674	0	20	1	1
q-9314-9297	0	20	2	1
q-9590-9606	0	20	2	1
q-9168-8841	250	0	1	1
q-8765-8750	0	14	1	1
q-8729-8728	0	11	1	2
q-9699-9657	0	82	4	6
q-8736-8795	0	19	3	1
q-8839-8860	0	14	3	5
q-8770-8757	0	27	3	3
q-9096-9197	0	202	5	1
q-9289-9299	0	68	3	4
q-8758-8749	0	3	1	1
q-9598-9651	0	96	3	1
q-9588-9605	0	40	3	2
q-9028-9014	0	78	2	2
q-9089-9365	0	378	5	23
q-8846-8859	0	25	3	1
q-9034-8944	0	51	2	5
q-9649-9647	0	3	1	2
q-9824-9687	14	0	1	10
q-8734-8656	0	6	1	4
q-8824-8827	0	43	3	2
q-8953-9215	0	27	2	2
q-9288-9300	0	16	2	6
q-9123-9105	0	2	2	4
q-9431-9447	0	109	1	1
q-9554-9553	0	0	1	1
