issue,pr,status,reasons,selected,source_revision,createdAt,lastEditedAt
9591,9624,qualified,,True,4acbaecf4c883858cf1a50c2fe13afb6160b340c,2026-09-30T02:34:25Z,
9585,9603,excluded,issue_edited,False,,2026-09-30T02:14:29Z,2026-09-30T03:09:12Z
9102,9427,excluded,issue_edited,False,,2026-09-26T16:32:23Z,2026-09-28T22:57:24Z
9134,9332,excluded,issue_edited,False,,2026-09-26T19:53:23Z,2026-09-28T10:59:25Z
9326,9701,excluded,issue_edited;nonlinear_own_commit,False,,2026-09-28T12:22:30Z,2026-09-30T02:55:55Z
9107,9470,excluded,issue_edited,False,,2026-09-26T17:20:02Z,2026-09-29T04:48:42Z
9378,9700,qualified,,False,e7778f98e135e9eba09e654c8d221d71bba68617,2026-09-28T18:37:51Z,
9391,9403,excluded,issue_edited;nonlinear_own_commit,False,,2026-09-28T21:31:09Z,2026-09-28T21:37:52Z
9021,9269,excluded,issue_edited,False,,2026-09-26T06:11:27Z,2026-09-27T19:26:19Z
9088,9117,qualified,,False,6496cd19b6bc44e1a4d0e05b34c2b8b147840fb5,2026-09-26T14:48:52Z,
9013,9232,excluded,issue_edited,False,,2026-09-26T04:40:24Z,2026-09-27T16:52:08Z
8921,9044,excluded,issue_edited;nonlinear_own_commit,False,,2026-09-25T16:36:58Z,2026-09-26T06:59:47Z
9032,9210,excluded,issue_edited,False,,2026-09-26T07:29:51Z,2026-09-27T09:22:38Z
8968,9164,excluded,issue_edited,False,,2026-09-25T21:00:07Z,2026-09-27T01:26:27Z
9144,9495,excluded,issue_edited;nonlinear_own_commit,False,,2026-09-26T22:03:45Z,2026-09-29T11:55:33Z
9392,9413,excluded,issue_edited,False,,2026-09-28T21:36:10Z,2026-09-28T23:05:15Z
9325,9578,excluded,issue_edited,False,,2026-09-28T12:22:27Z,2026-09-29T22:47:48Z
8840,8853,excluded,issue_edited;nonlinear_own_commit,False,,2026-09-24T21:47:01Z,2026-09-24T21:54:23Z
9194,9513,excluded,issue_edited,False,,2026-09-27T06:58:20Z,2026-09-29T12:38:06Z
9312,9317,excluded,issue_edited,False,,2026-09-28T10:01:27Z,2026-09-28T10:28:29Z
8851,8979,excluded,issue_edited;nonlinear_own_commit,False,,2026-09-24T23:02:56Z,2026-09-25T20:12:33Z
8825,8915,excluded,issue_edited,False,,2026-09-24T19:17:22Z,2026-09-25T12:42:01Z
9311,9531,excluded,issue_edited,False,,2026-09-28T09:58:34Z,2026-09-29T18:16:36Z
9135,9489,excluded,issue_edited,False,,2026-09-26T19:54:07Z,2026-09-29T09:39:49Z
8793,8814,excluded,issue_edited,False,,2026-09-23T22:40:10Z,2026-09-23T22:56:22Z
8792,8805,qualified,,False,59e8376ce30054e4f4ec39afb51cfda7651ab55e,2026-09-23T22:37:39Z,
8925,9146,excluded,issue_edited,False,,2026-09-25T16:43:12Z,2026-09-26T11:22:46Z
8896,8988,excluded,issue_edited,False,,2026-09-25T12:11:09Z,2026-09-25T20:30:47Z
9517,9519,excluded,nonlinear_own_commit,False,,2026-09-29T17:27:11Z,
8884,8893,excluded,issue_edited,False,,2026-09-25T08:25:50Z,2026-09-25T08:29:37Z
8922,9061,excluded,issue_edited,False,,2026-09-25T16:37:00Z,2026-09-26T07:26:49Z
8875,8887,excluded,issue_edited,False,,2026-09-25T04:10:52Z,2026-09-25T07:36:26Z
9026,9206,excluded,nonlinear_own_commit,False,,2026-09-26T07:17:22Z,
9007,9033,excluded,issue_edited,False,,2026-09-26T03:51:56Z,2026-09-26T06:40:17Z
9364,9812,excluded,issue_edited,False,,2026-09-28T16:40:16Z,2026-10-01T00:02:39Z
9140,9491,excluded,issue_edited,False,,2026-09-26T20:32:40Z,2026-09-29T11:42:17Z
9091,9097,qualified,,False,baea639f232b353f83e2a33b87ddb0aa66a4aaa6,2026-09-26T15:03:22Z,
9060,9066,excluded,issue_edited,False,,2026-09-26T11:44:05Z,2026-09-26T11:52:47Z
8981,9203,excluded,issue_edited,False,,2026-09-25T22:57:27Z,2026-09-27T07:39:24Z
9051,9055,excluded,issue_edited;nonlinear_own_commit,False,,2026-09-26T09:44:53Z,2026-09-28T05:47:36Z
9038,9052,qualified,,True,44d2f2a1bfd0123e0fbe72fe2acad9914cf5263c,2026-09-26T08:01:00Z,
9015,9035,excluded,nonlinear_own_commit,False,,2026-09-26T05:39:49Z,
9329,9756,excluded,issue_edited,False,,2026-09-28T12:22:35Z,2026-09-30T17:55:05Z
9301,9320,qualified,,False,d218e039845f6378ff75396cbbda7a442d3d26bf,2026-09-28T08:29:24Z,
9292,9516,excluded,issue_edited;nonlinear_own_commit,False,,2026-09-28T06:28:33Z,2026-09-29T15:09:39Z
9083,9384,excluded,issue_edited;nonlinear_own_commit,False,,2026-09-26T14:08:34Z,2026-09-28T18:03:00Z
8818,9302,excluded,issue_edited,False,,2026-09-24T13:29:23Z,2026-09-24T15:23:18Z
9253,9256,excluded,issue_edited,False,,2026-09-27T23:23:19Z,2026-09-27T23:33:57Z
9171,9172,qualified,,False,bf9e253a322ac92d8a6193fc953b436e2c3f0af4,2026-09-27T03:34:05Z,
9133,9148,qualified,,True,ec64146b2b759fdc65cc0753cf9b201b7f87a509,2026-09-26T19:52:43Z,
9010,9229,excluded,issue_edited,False,,2026-09-26T04:29:17Z,2026-09-27T14:29:36Z
9188,9195,qualified,,False,68d8b794ea1a02eaf45eda6e3d42efbc224e3560,2026-09-27T06:36:33Z,
8873,8882,excluded,issue_edited;nonlinear_own_commit,False,,2026-09-25T03:52:38Z,2026-09-25T06:44:04Z
8816,8819,qualified,,False,6b77594238958e7b16b896cdc4b9e5a089463a6b,2026-09-24T09:43:19Z,
9461,9469,qualified,,False,53a29fd9e938f5bea55740940df709b32aac1008,2026-09-29T04:55:31Z,
9287,9386,excluded,issue_edited;nonlinear_own_commit,False,,2026-09-28T06:14:52Z,2026-09-28T18:24:13Z
9092,9393,excluded,issue_edited,False,,2026-09-26T15:10:58Z,2026-09-28T19:58:21Z
8987,9212,excluded,issue_edited,False,,2026-09-26T00:11:48Z,2026-09-27T08:02:11Z
9016,9242,excluded,issue_edited,False,,2026-09-26T05:39:54Z,2026-09-27T17:17:43Z
8940,9121,excluded,issue_edited,False,,2026-09-25T18:01:01Z,2026-09-26T15:45:48Z
9362,9810,excluded,issue_edited,False,,2026-09-28T16:38:02Z,2026-09-30T22:47:24Z
9686,9707,excluded,nonlinear_own_commit,False,,2026-09-30T12:41:06Z,
8769,8789,excluded,issue_edited,False,,2026-09-23T15:11:59Z,2026-09-23T19:20:11Z
8754,8771,qualified,,False,0c66c5696315ea61d9ea77d634f94849c2ad6ba2,2026-09-23T13:22:40Z,
9029,9211,excluded,issue_edited,False,,2026-09-26T07:17:23Z,2026-09-27T09:25:55Z
9036,9042,qualified,,False,44d2f2a1bfd0123e0fbe72fe2acad9914cf5263c,2026-09-26T07:58:58Z,
9433,9555,excluded,issue_edited,False,,2026-09-29T02:50:34Z,2026-09-29T22:41:06Z
9432,9536,excluded,issue_edited,False,,2026-09-29T02:50:30Z,2026-09-29T02:53:12Z
8900,8990,excluded,issue_edited;nonlinear_own_commit,False,,2026-09-25T12:45:32Z,2026-09-25T22:53:18Z
8930,8956,excluded,issue_edited,False,,2026-09-25T16:59:11Z,2026-09-25T18:58:14Z
9328,9749,excluded,issue_edited,False,,2026-09-28T12:22:33Z,2026-09-30T15:40:20Z
9576,9581,excluded,issue_edited;nonlinear_own_commit,False,,2026-09-30T00:31:47Z,2026-09-30T01:07:21Z
9111,9484,excluded,issue_edited;nonlinear_own_commit,False,,2026-09-26T17:23:45Z,2026-09-29T07:21:01Z
9067,9358,excluded,issue_edited,False,,2026-09-26T12:39:18Z,2026-09-28T14:20:57Z
9108,9480,excluded,issue_edited,False,,2026-09-26T17:20:42Z,2026-09-29T04:52:22Z
9440,9478,qualified,,True,88b08384d0e827ac03eaa84dee791177a9f9ab11,2026-09-29T03:31:11Z,
9141,9675,excluded,issue_edited,False,,2026-09-26T21:17:14Z,2026-09-30T07:34:14Z
9231,9498,excluded,issue_edited,False,,2026-09-27T17:33:45Z,2026-09-29T13:25:00Z
9421,9436,excluded,issue_edited,False,,2026-09-29T00:23:15Z,2026-09-29T02:55:56Z
9366,9422,excluded,issue_edited,False,,2026-09-28T16:54:37Z,2026-09-29T00:17:27Z
9465,9501,excluded,issue_edited,False,,2026-09-29T05:06:40Z,2026-09-29T15:05:23Z
9445,9472,qualified,,False,88b08384d0e827ac03eaa84dee791177a9f9ab11,2026-09-29T03:31:18Z,
9434,9595,qualified,,True,76f888f14e90e156d667dd03fc6de4e49c1d6bef,2026-09-29T02:50:38Z,
9552,9556,excluded,source_not_ancestor_of_patch_base,False,3c1062871ff2f2276f99c56dea3876888d44719c,2026-09-29T23:01:02Z,
9098,9415,excluded,issue_edited,False,,2026-09-26T15:56:49Z,2026-09-28T22:33:43Z
8912,9295,qualified,,False,af1a05f225185282b71d49e54d1d783614866193,2026-09-25T13:34:01Z,
8683,8815,excluded,issue_edited,False,,2026-09-22T20:17:13Z,2026-09-22T20:51:31Z
8773,8775,excluded,issue_edited,False,,2026-09-23T16:56:26Z,2026-09-23T17:01:52Z
9043,9271,excluded,issue_edited;nonlinear_own_commit,False,,2026-09-26T08:28:21Z,2026-09-27T23:51:44Z
8976,9184,qualified,,False,8cb574e4a6fbcf3dc0430be3d4b51fc02b3f8836,2026-09-25T22:13:12Z,
9273,9503,excluded,issue_edited,False,,2026-09-28T03:55:01Z,2026-09-29T13:38:17Z
9239,9293,qualified,,False,fda436c267f9eb3a910195f2890c40881ec57d7f,2026-09-27T19:45:39Z,
9343,9759,excluded,issue_edited,False,,2026-09-28T13:44:34Z,2026-09-30T19:07:43Z
9077,9080,excluded,issue_edited,False,,2026-09-26T13:30:02Z,2026-09-27T09:22:47Z
9357,9846,excluded,issue_edited,False,,2026-09-28T15:00:59Z,2026-09-30T22:45:55Z
9521,9648,excluded,issue_edited,False,,2026-09-29T17:48:51Z,2026-09-30T05:05:38Z
9109,9483,excluded,issue_edited,False,,2026-09-26T17:21:01Z,2026-09-29T06:35:36Z
9222,9227,qualified,,False,a664bbd5f611317d25531dc7aaf9fbc82a6bcd23,2026-09-27T13:42:59Z,
8787,9150,excluded,issue_edited,False,,2026-09-23T21:33:07Z,2026-09-24T22:33:05Z
8652,8980,excluded,issue_edited,False,,2026-09-22T17:03:24Z,2026-09-25T18:04:03Z
9090,9125,excluded,issue_edited,False,,2026-09-26T15:00:41Z,2026-09-26T17:25:55Z
8943,9119,excluded,issue_edited,False,,2026-09-25T18:08:48Z,2026-09-26T17:47:12Z
8845,8877,excluded,issue_edited,False,,2026-09-24T22:12:14Z,2026-09-25T03:43:11Z
8844,8871,excluded,issue_edited,False,,2026-09-24T22:12:13Z,2026-09-25T03:11:54Z
9278,9522,excluded,issue_edited;nonlinear_own_commit,False,,2026-09-28T05:23:37Z,2026-09-29T13:49:42Z
9430,9520,excluded,issue_edited,False,,2026-09-29T02:50:24Z,2026-09-29T17:44:17Z
8699,9296,excluded,issue_edited,False,,2026-09-22T22:20:54Z,2026-09-24T13:00:15Z
8901,9002,excluded,issue_edited,False,,2026-09-25T12:57:32Z,2026-09-25T23:54:32Z
9048,9309,excluded,issue_edited,False,,2026-09-26T09:28:11Z,2026-09-28T03:20:54Z
9113,9116,excluded,issue_edited,False,,2026-09-26T17:33:25Z,2026-09-26T17:47:28Z
9586,9644,excluded,issue_edited,False,,2026-09-30T02:27:36Z,2026-09-30T05:18:56Z
9017,9267,excluded,issue_edited,False,,2026-09-26T05:45:28Z,2026-09-27T21:47:32Z
9318,9540,excluded,issue_edited,False,,2026-09-28T11:14:29Z,2026-09-29T19:59:03Z
9443,9475,qualified,,False,88b08384d0e827ac03eaa84dee791177a9f9ab11,2026-09-29T03:31:15Z,
9321,9559,excluded,issue_edited,False,,2026-09-28T11:58:46Z,2026-09-29T20:44:54Z
9410,9419,excluded,issue_edited,False,,2026-09-28T23:02:50Z,2026-09-28T23:51:20Z
9620,9632,qualified,,False,05c2ad6362fdf02e44e35ed5b5b2cd32bce1c3b0,2026-09-30T03:45:36Z,
9610,9621,qualified,,False,00d938d2957677150ae801bbd0bcb1255155b81a,2026-09-30T03:38:03Z,
8602,8932,excluded,issue_edited,False,,2026-09-22T04:58:14Z,2026-09-22T12:30:50Z
8832,8833,qualified,,False,de457e3fd36fb668e5e311d43d82f73794073694,2026-09-24T20:42:15Z,
8878,8890,excluded,issue_edited,False,,2026-09-25T04:49:11Z,2026-09-25T07:37:54Z
8870,8885,qualified,,False,c732e4468bd045be01b92a3dcaa45a7fc6dd7f7f,2026-09-25T03:37:17Z,
9327,9721,excluded,issue_edited,False,,2026-09-28T12:22:31Z,2026-09-30T11:53:27Z
8959,9163,excluded,issue_edited,False,,2026-09-25T19:58:30Z,2026-09-26T20:33:24Z
8857,8938,excluded,issue_edited,False,,2026-09-25T00:31:34Z,2026-09-25T16:59:47Z
8848,8910,excluded,issue_edited;nonlinear_own_commit,False,,2026-09-24T22:18:22Z,2026-09-25T10:27:48Z
8895,8986,excluded,issue_edited,False,,2026-09-25T12:11:06Z,2026-09-25T20:29:33Z
8914,8924,excluded,issue_edited,False,,2026-09-25T14:47:41Z,2026-09-25T16:19:17Z
8856,8935,qualified,,False,72c7751ac27c40ac99b2091e46fe3a86eb4d42a2,2026-09-25T00:31:30Z,
8835,8869,excluded,issue_edited,False,,2026-09-24T21:27:16Z,2026-09-25T00:56:35Z
9124,9490,excluded,issue_edited,False,,2026-09-26T19:20:25Z,2026-09-29T07:28:45Z
8967,9143,excluded,issue_edited,False,,2026-09-25T20:59:39Z,2026-09-26T20:38:17Z
8995,9235,excluded,issue_edited,False,,2026-09-26T01:31:00Z,2026-09-27T11:27:49Z
8919,9031,qualified,,True,285ce9ad546715140402e09dac756921ea5bfd53,2026-09-25T16:15:20Z,
8786,8830,excluded,issue_edited,False,,2026-09-23T21:32:53Z,2026-09-24T01:49:24Z
8760,8794,excluded,issue_edited,False,,2026-09-23T13:33:58Z,2026-09-23T18:07:15Z
9310,9525,excluded,issue_edited,False,,2026-09-28T09:58:24Z,2026-09-29T17:58:56Z
9370,9371,qualified,,False,11e5ff1e03b715b23b5e04badbe7b75a3bbc1375,2026-09-28T17:22:44Z,
8992,9209,excluded,issue_edited,False,,2026-09-26T01:01:47Z,2026-09-27T09:02:56Z
8923,9137,excluded,issue_edited,False,,2026-09-25T16:37:02Z,2026-09-26T11:23:35Z
9596,9681,excluded,issue_edited,False,,2026-09-30T02:55:04Z,2026-09-30T07:31:17Z
9589,9626,excluded,issue_edited,False,,2026-09-30T02:34:23Z,2026-09-30T03:38:05Z
9122,9220,excluded,issue_edited,False,,2026-09-26T19:08:32Z,2026-09-27T09:24:41Z
9056,9216,excluded,issue_edited,False,,2026-09-26T10:52:29Z,2026-09-27T09:41:05Z
9597,9730,excluded,issue_edited,False,,2026-09-30T02:55:05Z,2026-09-30T07:31:19Z
9673,9690,qualified,,False,593e41af41be930fc1b144becf86eb2f4c5b7b29,2026-09-30T10:13:30Z,
8993,9003,qualified,,False,a3bfbaef95251c1db31e459d770e24751e3491d6,2026-09-26T01:11:39Z,
8898,8991,excluded,issue_edited,False,,2026-09-25T12:22:41Z,2026-09-25T22:37:16Z
9331,9668,excluded,issue_edited,False,,2026-09-28T12:34:55Z,2026-09-30T07:29:58Z
9572,9623,excluded,issue_edited,False,,2026-09-30T00:10:25Z,2026-09-30T00:29:17Z
8608,8916,excluded,issue_edited;nonlinear_own_commit,False,,2026-09-22T06:24:30Z,2026-09-25T13:23:51Z
8776,8791,excluded,issue_edited;nonlinear_own_commit,False,,2026-09-23T17:37:21Z,2026-09-23T18:13:38Z
8934,9101,excluded,issue_edited,False,,2026-09-25T17:26:28Z,2026-09-26T13:39:42Z
8894,8983,excluded,issue_edited,False,,2026-09-25T12:09:11Z,2026-09-25T20:28:21Z
8767,8811,excluded,issue_edited,False,,2026-09-23T14:41:11Z,2026-09-24T01:30:08Z
8762,8784,qualified,,False,82128525b094d5971adc844dc9befdb98fe3163a,2026-09-23T14:03:58Z,
9630,9633,qualified,,False,3752c6af176395a4acf417c3ea89e5e29cbf1690,2026-09-30T04:07:51Z,
9592,9628,qualified,,False,4acbaecf4c883858cf1a50c2fe13afb6160b340c,2026-09-30T02:34:26Z,
9724,9729,excluded,issue_edited,False,,2026-09-30T15:00:23Z,2026-09-30T15:02:30Z
9669,9680,excluded,nonlinear_own_commit,False,,2026-09-30T10:04:57Z,
9772,9818,qualified,,False,654959e1c43c248388d407033ccf354ce3cff53e,2026-09-30T22:00:38Z,
9768,9780,qualified,,False,724046c372762217753747b77b7e7cf1973cb766,2026-09-30T21:28:04Z,
8872,8883,excluded,issue_edited,False,,2026-09-25T03:41:19Z,2026-09-25T06:37:05Z
8796,8808,excluded,issue_edited;nonlinear_own_commit,False,,2026-09-23T23:31:44Z,2026-09-24T04:06:49Z
9315,9532,excluded,issue_edited,False,,2026-09-28T10:20:06Z,2026-09-29T19:57:18Z
9467,9468,qualified,,True,53a29fd9e938f5bea55740940df709b32aac1008,2026-09-29T05:07:00Z,
9599,9678,excluded,issue_edited,False,,2026-09-30T02:55:07Z,2026-09-30T07:31:24Z
9631,9637,qualified,,False,3752c6af176395a4acf417c3ea89e5e29cbf1690,2026-09-30T04:08:56Z,
9294,9523,excluded,issue_edited;nonlinear_own_commit,False,,2026-09-28T07:09:34Z,2026-09-29T15:51:53Z
9441,9471,qualified,,False,88b08384d0e827ac03eaa84dee791177a9f9ab11,2026-09-29T03:31:12Z,
9683,9698,qualified,,True,d6dd1941b0fe2f467b35fbc33b7eec4a5bdc3eec,2026-09-30T11:39:27Z,
9685,9695,excluded,issue_edited,False,,2026-09-30T12:38:09Z,2026-09-30T12:40:56Z
9106,9474,excluded,issue_edited,False,,2026-09-26T17:19:28Z,2026-09-29T01:02:26Z
9005,9230,excluded,issue_edited,False,,2026-09-26T03:51:38Z,2026-09-27T13:01:19Z
9442,9462,qualified,,True,88b08384d0e827ac03eaa84dee791177a9f9ab11,2026-09-29T03:31:14Z,
9085,9381,excluded,issue_edited;nonlinear_own_commit,False,,2026-09-26T14:26:42Z,2026-09-28T18:41:35Z
9565,9568,excluded,issue_edited,False,,2026-09-29T23:56:55Z,2026-09-29T23:59:33Z
9322,9541,excluded,issue_edited,False,,2026-09-28T12:09:51Z,2026-09-29T21:09:27Z
8886,8891,qualified,,False,37004b52bf4c0ddebb7f123db228ea5f39a1d425,2026-09-25T10:34:29Z,
8837,8843,excluded,nonlinear_own_commit,False,,2026-09-24T21:40:59Z,
8927,9103,excluded,issue_edited,False,,2026-09-25T16:57:29Z,2026-09-26T11:34:24Z
8711,8948,excluded,issue_edited;nonlinear_own_commit,False,,2026-09-23T02:00:32Z,2026-09-23T06:28:46Z
8697,8820,excluded,issue_edited,False,,2026-09-22T22:19:25Z,2026-09-24T12:56:22Z
8712,8743,excluded,issue_edited,False,,2026-09-23T02:03:40Z,2026-09-23T07:00:51Z
8700,9024,excluded,issue_edited,False,,2026-09-22T22:54:45Z,2026-09-26T06:38:53Z
8716,8747,qualified,,False,db7db4158d43afd554471eff0b88608090f96ea2,2026-09-23T02:54:10Z,
9672,9706,qualified,,False,593e41af41be930fc1b144becf86eb2f4c5b7b29,2026-09-30T10:13:28Z,
9674,9684,excluded,issue_edited,False,,2026-09-30T10:15:35Z,2026-09-30T11:54:11Z
9314,9547,excluded,issue_edited,False,,2026-09-28T10:10:52Z,2026-09-29T19:45:30Z
9297,9527,excluded,issue_edited,False,,2026-09-28T08:13:50Z,2026-09-29T17:06:18Z
9590,9629,excluded,issue_edited,False,,2026-09-30T02:34:24Z,2026-09-30T03:38:17Z
9606,9607,qualified,,False,8077e1bb21dc949a9c58a56689c50d6ccec791dd,2026-09-30T03:23:27Z,
9168,9179,qualified,,False,53cff7e1f4ca8aa391804d0954e13688694a07ee,2026-09-27T02:43:35Z,
8841,9142,excluded,issue_edited,False,,2026-09-24T21:56:39Z,2026-09-24T22:22:11Z
8765,8780,excluded,issue_edited,False,,2026-09-23T14:40:15Z,2026-09-23T16:29:43Z
8750,8753,excluded,issue_edited,False,,2026-09-23T12:28:55Z,2026-09-24T00:09:52Z
8729,8752,qualified,,False,5a5c0bbfb05a59410c7aecf9c8597d5391f420da,2026-09-23T07:37:20Z,
8728,8740,excluded,nonlinear_own_commit,False,,2026-09-23T06:37:00Z,
9699,9817,excluded,nonlinear_own_commit,False,,2026-09-30T13:38:23Z,
9657,9662,excluded,issue_edited;nonlinear_own_commit,False,,2026-09-30T06:48:20Z,2026-09-30T19:04:52Z
8736,8817,excluded,nonlinear_own_commit,False,,2026-09-23T08:30:17Z,
8795,8798,qualified,,False,eb57f86915203635f0bd00f060d5ba5c68136cfb,2026-09-23T23:31:24Z,
8839,8937,excluded,issue_edited;nonlinear_own_commit,False,,2026-09-24T21:46:36Z,2026-09-24T21:52:34Z
8860,8909,excluded,issue_edited;nonlinear_own_commit,False,,2026-09-25T01:04:49Z,2026-09-25T12:45:42Z
8770,8781,excluded,issue_edited,False,,2026-09-23T15:22:57Z,2026-09-23T17:09:50Z
8757,8772,qualified,,True,0c66c5696315ea61d9ea77d634f94849c2ad6ba2,2026-09-23T13:33:20Z,
9096,9396,excluded,issue_edited;nonlinear_own_commit,False,,2026-09-26T15:45:53Z,2026-09-28T20:11:29Z
9197,9205,qualified,,False,0441ff7bb7feb275944263784165474c6465268a,2026-09-27T07:11:18Z,
9289,9355,excluded,issue_edited,False,,2026-09-28T06:24:57Z,2026-09-28T10:10:57Z
9299,9306,qualified,,False,d218e039845f6378ff75396cbbda7a442d3d26bf,2026-09-28T08:29:22Z,
8758,8774,qualified,,True,0c66c5696315ea61d9ea77d634f94849c2ad6ba2,2026-09-23T13:33:40Z,
8749,8768,excluded,issue_edited,False,,2026-09-23T12:15:57Z,2026-09-23T12:50:35Z
9598,9727,excluded,issue_edited,False,,2026-09-30T02:55:06Z,2026-09-30T07:31:21Z
9651,9652,excluded,issue_edited,False,,2026-09-30T06:06:27Z,2026-09-30T06:07:06Z
9588,9640,excluded,issue_edited,False,,2026-09-30T02:34:23Z,2026-09-30T03:40:07Z
9605,9627,qualified,,False,8b39561914ea63636a2cd8b1007647f38fa7d814,2026-09-30T03:22:53Z,
9028,9169,qualified,,False,f786b449918d30a9b1f839dc231d308e62fea835,2026-09-26T07:17:22Z,
9014,9050,qualified,,False,a9da48c285d015ad4cda3593abb7f661e7d86147,2026-09-26T05:31:23Z,
9089,9457,excluded,issue_edited;nonlinear_own_commit,False,,2026-09-26T14:52:54Z,2026-09-28T19:50:41Z
9365,9406,excluded,own_commits_not_contiguous,False,,2026-09-28T16:49:56Z,
8846,8892,excluded,issue_edited;nonlinear_own_commit,False,,2026-09-24T22:12:15Z,2026-09-25T08:27:18Z
8859,8866,excluded,issue_edited,False,,2026-09-25T01:04:28Z,2026-09-25T02:15:27Z
9034,9214,excluded,issue_edited,False,,2026-09-26T07:37:33Z,2026-09-27T08:31:07Z
8944,9151,excluded,issue_edited,False,,2026-09-25T18:09:30Z,2026-09-26T18:27:50Z
9649,9654,excluded,issue_edited,False,,2026-09-30T05:52:24Z,2026-09-30T06:17:56Z
9647,9653,qualified,,False,2cddb943f10ea2753218b903d4fe1112d9ce69c4,2026-09-30T05:41:03Z,
9824,9827,qualified,,False,626902e3d51b3b1dcb90eca083d0d003d8ba76b5,2026-10-01T01:58:51Z,
9687,9733,excluded,issue_edited;nonlinear_own_commit,False,,2026-09-30T12:41:09Z,2026-09-30T22:12:55Z
8734,8746,qualified,,False,5a5c0bbfb05a59410c7aecf9c8597d5391f420da,2026-09-23T08:03:54Z,
8656,8741,excluded,issue_edited;nonlinear_own_commit,False,,2026-09-22T17:23:50Z,2026-09-22T18:19:44Z
8824,8847,excluded,issue_edited;nonlinear_own_commit,False,,2026-09-24T19:15:33Z,2026-09-25T00:06:45Z
8827,8828,qualified,,False,7c8571b9bf0ffe0647c6e46fa2b1f371e32c3c5a,2026-09-24T19:20:03Z,
8953,9237,excluded,issue_edited,False,,2026-09-25T19:15:37Z,2026-09-27T17:22:28Z
9215,9221,excluded,issue_edited,False,,2026-09-27T11:09:48Z,2026-09-27T11:48:15Z
9288,9316,excluded,issue_edited,False,,2026-09-28T06:24:43Z,2026-09-28T09:54:53Z
9300,9305,qualified,,False,d218e039845f6378ff75396cbbda7a442d3d26bf,2026-09-28T08:29:23Z,
9123,9130,excluded,issue_edited,False,,2026-09-26T19:15:00Z,2026-09-26T19:18:33Z
9105,9115,qualified,,True,e4501965c906d65965c685e5808be8e512a1ecba,2026-09-26T17:04:54Z,
9431,9528,excluded,issue_edited,False,,2026-09-29T02:50:27Z,2026-09-29T19:44:13Z
9447,9451,excluded,issue_edited,False,,2026-09-29T03:34:02Z,2026-09-29T03:42:34Z
9554,9558,excluded,source_not_ancestor_of_patch_base,False,3c1062871ff2f2276f99c56dea3876888d44719c,2026-09-29T23:01:04Z,
9553,9557,excluded,source_not_ancestor_of_patch_base,False,3c1062871ff2f2276f99c56dea3876888d44719c,2026-09-29T23:01:03Z,
