pair_id,forced_label,native_label,isolated_patch_label,isolation_reason,head_containment,declared_base_ancestor_both,declared_base,head_a,head_b
q-8602-8832,textual_conflict,textual_conflict,unknown,one_or_both_patches_not_exactly_reconstructable,False,False,277db2ce7831666cfdaab41b985aaccc20134277,045509507fea8c4ee683219dd0035aac60d4342b,f199fb3c72ecb12861039f36da4b1ea4fff342d7
q-8608-8776,textual_conflict,clean,unknown,one_or_both_own_chains_unqualified,False,False,f679da2f0cfc283273d880adbb0edf768028d708,8b424f46708d9b3beb9ed28455b8369379d8ba35,281b31e52d3a47cb3a45ab1ec196b50833465d18
q-8683-8773,clean,textual_conflict,clean,,False,False,070b3b5f54ba9eb1b536302301b840dcd7d304c7,86492198632c89cf739c7c639e62c1192889f07b,6ed0dd2e856c6152be7aec41884ff72c33bafbb7
q-8697-8712,textual_conflict,textual_conflict,unknown,one_or_both_patches_not_exactly_reconstructable,False,False,9ced32146a07084ba09945fec38312300f0b3e76,5320e0006a3abebda993c1c2382f7effc1f1b26b,2f553bd9036632bd9eea88a0a05b118cacbc5657
q-8699-8901,clean,textual_conflict,unknown,one_or_both_patches_not_exactly_reconstructable,False,False,94d83d62bc6feb953b9646c67b5cda8ebbae4923,28c8b630a95f469d9bc7f62a55e91e2d2891d22d,0aacd076d0b60de3d9c5c5d706e1c4423e11628d
q-8700-8716,textual_conflict,textual_conflict,unknown,one_or_both_patches_not_exactly_reconstructable,False,False,f786b449918d30a9b1f839dc231d308e62fea835,2581ae22233ca2678ae3e44744337a713d46dfb7,9e752fe4c95021185be941d9a6c35701a4c39107
q-8729-8728,clean,clean,unknown,one_or_both_own_chains_unqualified,False,False,03568ad41a1b3f2f0860b8a06ff1dff076179ffd,de0ddbc4fa1f5c207f51f2bcbf17168bc52dc1a1,91615e51aca4f1e057ed81ce82ca47a591799136
q-8734-8656,clean,clean,unknown,one_or_both_own_chains_unqualified,False,False,7a863cec37571ab8bc5061277c2560b38942fdc2,e4df59bcc97c63f7eeb04d5a862b57dca62c8ede,8ae1a97b4b5c34c1fb8e46fdab2c32a8f6fbdf99
q-8736-8795,clean,clean,unknown,one_or_both_own_chains_unqualified,False,False,a616f8c12208bf87ad5299bdd0c5c5e0c310cca5,79b26c3da2f41faeb183fddc5dcbbcd107b45afa,3367dab01eb2d6af9382683039820457f5c3a17f
q-8758-8749,clean,clean,clean,,False,False,0d0a5e6b71d3a7ffafd6764c4322a6de05e7936a,9767f3bb0d00557ab3404b825bb8fbfaa3c292f2,7d8cda999291a723dae2e3c29c3f0ef5055bcfd8
q-8765-8750,textual_conflict,clean,unknown,one_or_both_patches_not_exactly_reconstructable,False,False,d91ec623a72579ebb8ecf3929c5a06aa9973a60e,abf6406b5b56b927a553d32de68fa78c1457f5ee,2d16e515b2c1465231dd8396d0c8c27e7c742167
q-8767-8762,textual_conflict,clean,unknown,one_or_both_patches_not_exactly_reconstructable,False,False,927ca5bb4c8a706b8cf39b364f39c41ba749b9a0,771cfe72b7ec6cbf0703019703ba5d8def83279e,71648ba60387fa8870680255b1e96ad1861696c4
q-8769-8754,clean,clean,clean,,False,False,135183d9b2527cb2cc81d2c5d8e0ba1f2213c645,ae40bc3b85ae1f08b88c4866ee3b3971918b0f90,a41f1aada1828cce1f30d9cc35bb3d54769eca16
q-8770-8757,clean,textual_conflict,unknown,one_or_both_patches_not_exactly_reconstructable,False,False,070b3b5f54ba9eb1b536302301b840dcd7d304c7,bf60b739b48a2eaf321103d9b56bf56f602a09ab,21f190e2e10254eda3f5cd1a78b7b005e1d9b09f
q-8786-8760,textual_conflict,textual_conflict,unknown,one_or_both_patches_not_exactly_reconstructable,False,False,c2e8af29e991431655fbe6d8a7a0d6be847c3054,ec36f99032d73dd4c12a832c1dfcbfeb39c1c68a,945261e51fbe97faf436cc3887ec7ef7dfe679cb
q-8787-8652,textual_conflict,clean,unknown,one_or_both_patches_not_exactly_reconstructable,False,False,3c1fef8a70f727cf175c7e1dfbed52d181873cc5,7be43b6ecb3013657ca4170b54b3de4da0458aae,557b649a2e5df63fc1b0cbaa7cb136005e2a64ea
q-8793-8792,clean,clean,clean,,False,False,070b3b5f54ba9eb1b536302301b840dcd7d304c7,763a517d77bc1e17860666fd81806fac895bb10d,21bfaff926465281447730d0912ee62316a9d8fa
q-8818-9253,textual_conflict,clean,unknown,one_or_both_patches_not_exactly_reconstructable,False,False,d008dc97a0564b11b27ce55df15e1fcca5261f03,0793606e15281e72b67081b5822a64c38b73b032,a99c8d174a19a0d2693ae95d0df1ebcbca6aee12
q-8824-8827,clean,textual_conflict,unknown,one_or_both_own_chains_unqualified,False,False,f91fe213ebddf0f167c4264f48d98bb4f265c91c,6698c3f37418aa08c145dce9eb87bcd6021b6b88,6d33d3ffe5a5f048c44efab116f5f1b57f5c8690
q-8839-8860,clean,textual_conflict,unknown,one_or_both_own_chains_unqualified,False,False,81feb2de60e038dbef910cee8c01ca351d041c26,a86788e807ad308f30b1610ad13d39eceec43fbf,613816990c31be28276dc7846d436cd30ab74a3e
q-8845-8844,textual_conflict,clean,unknown,one_or_both_patches_not_exactly_reconstructable,False,False,316f8f4d308d359f9eba8c6313b50aae93fab45f,b409cb3b4701b4aad37af699533a238c108c34c1,375690c434d3a6a1e776b49e7f20e49f500e0a10
q-8846-8859,clean,clean,unknown,one_or_both_own_chains_unqualified,False,False,b6fcde7b7a65badc1fa867f29b4c37461c675a07,ed035b29ce2c7a248be463a958ef6b741d50b876,ca980249d30a26fb343796dc79ed45dce9276e3a
q-8851-8825,clean,textual_conflict,unknown,one_or_both_own_chains_unqualified,False,False,dca65ae0976fba69d63953fb75ff69ec5afcdb88,bc5c563824790499938b2693132065926139c526,6b48ce3773d45de1a7daf4172747a8ac06762a6c
q-8856-8835,textual_conflict,textual_conflict,unknown,one_or_both_patches_not_exactly_reconstructable,False,False,76584c4b96f19ec5959fca63bc87ac2f38915fd1,a11146ba0fdf0f166ab01c8023437dbd55b42746,df538fbc5469f6404cc091b1452e7ba39043da54
q-8857-8848,textual_conflict,textual_conflict,unknown,one_or_both_own_chains_unqualified,False,False,9cf51b8c307f52dff09f1265649a368bd9d42680,eb43d16a645f70be38cdf434f993ceb1d3aaeca8,798fa9624382488da1229a5101d7b3010922de05
q-8872-8796,clean,clean,unknown,one_or_both_own_chains_unqualified,False,True,9addc80dbc4bff396e0686dc6e75befb428b8d80,2ea3c6149f0ad75446b60859c94bce5a02592f64,7bd45ee4626a067cea272a6d74bb7f8240d9c80b
q-8873-8816,clean,clean,unknown,one_or_both_own_chains_unqualified,False,True,ad03a4bde59ea967bb27b3289a1f5771f1844d4c,51e033c8a5115b9a2e2d35e512b45d56bdffe1a3,cd6f6fd721c56e404902c24c05e0d9a1acb8698f
q-8878-8870,clean,clean,unknown,one_or_both_patches_not_exactly_reconstructable,False,False,37004b52bf4c0ddebb7f123db228ea5f39a1d425,94d57b0dcc3102a7e6261def3a2e161476df2f3f,79a583bd5756b1d5b3297f2ae9607862f6c4eb25
q-8886-8837,clean,clean,unknown,one_or_both_own_chains_unqualified,False,False,df9bb56cc401fa868d9c134e556c332e92f1ab0a,8c3302f65b8b4303f45ea95cddd71d911f2a2395,eef06c1d70328efa9dc06f7221a422a76dbf3578
q-8895-8914,textual_conflict,textual_conflict,unknown,one_or_both_patches_not_exactly_reconstructable,False,False,003f7e091f6c1e819449f1f17bbfab3f78baca17,ddca17a053d6b9fe849460145bf3b62f6b38ce1d,34d2b41d62af13bd13adf8eea282d04fa876b179
q-8900-8930,clean,clean,unknown,one_or_both_own_chains_unqualified,False,False,65ebb7eadfc7f8e687f0bf94815387728d156613,99d19ec51ec2e97a3897d16c869eb6f27f2d4d94,179557d8b36893936e7d5a35a236e5eef04cf2fb
q-8922-8875,textual_conflict,textual_conflict,unknown,one_or_both_patches_not_exactly_reconstructable,False,False,573947a1e6cc1829551a1c5737138083855f32db,153498fc054c73397e9cb0e1b5dfe400d800fbc4,332f02d5de5b55c40be04e9604e0c4903ebc262a
q-8925-8896,textual_conflict,textual_conflict,unknown,one_or_both_patches_not_exactly_reconstructable,False,False,c89f84facebaf302575a68af938f26918744af3c,370f5b37b6a701f21e12492a7e79dd09b8dc2168,7f8aaad55bb7591e24ebd54e00d130cbc9adc6e1
q-8927-8711,textual_conflict,clean,unknown,one_or_both_own_chains_unqualified,False,False,e4501965c906d65965c685e5808be8e512a1ecba,eb53cb094fcbab3b5ebd4a77a130b63cfba1cf3d,235b7c96dd73f51b0047dfc5fea29e5a8df05cfa
q-8934-8894,textual_conflict,clean,unknown,one_or_both_patches_not_exactly_reconstructable,False,False,ea0d2bd554498863ff81701f3f4f2572a6ee86a2,cdc1cd1883393988db357a62a6882cae6d7c6906,e87e0abc6c8594e0787ff956fd1ba61c15a7755f
q-8953-9215,textual_conflict,clean,unknown,one_or_both_patches_not_exactly_reconstructable,False,False,aef23b4194bdac2f9c6e62d2559472172b5dee34,8c52f093959d3af025c24f2d2f3cda752a6dc6fc,576f09ce272fb287c0944708f9ee4ccfd4b93d7f
q-8981-9051,clean,clean,unknown,one_or_both_own_chains_unqualified,False,True,2e3afc236f4643cc547f4451d153a37ac739a1de,ffbf0d461e195483a9287cb5fb2474e74a411157,830a5524a84525c901f01056d8e10f151cba07c5
q-8992-8923,clean,textual_conflict,unknown,one_or_both_patches_not_exactly_reconstructable,False,False,2799fdcac24b1d5ab98af07ff6488a3f05daf4a0,3c7120a7bbd97cc5c9d29e6c0ccba0f1f6599fdd,3ae21236352d25e1b3a9d471ac58ffd79e286096
q-8993-8898,clean,clean,clean,,False,False,294a99b8da89b7056d85d11373d85edf30878261,3b444bb1b8d5a85aede5a2283cbb10b0787f07d7,ec3db94189a72c1b5f292e7f88f3ec572071dd5e
q-8995-8919,textual_conflict,textual_conflict,unknown,one_or_both_patches_not_exactly_reconstructable,False,False,f498d105cc278f93d2132e2e9438f42090a7758b,369be746bfbf3f42249ee7f0d045468dba0ed909,fbb135e7d85aeebb511f15cf1c16970bc266ad33
q-9010-9188,clean,textual_conflict,unknown,one_or_both_patches_not_exactly_reconstructable,False,False,beed0a844eab586e51b0e52be80d910453dac3f9,d41468d628097944577ff88c126b95a6aad9a718,33bca96b3315662b81226930a2717130ad72567f
q-9013-8921,textual_conflict,clean,unknown,one_or_both_own_chains_unqualified,False,False,3bc7991d1f0ae1e6f35d84a6c76164849f2653ad,48af4b744dc7c75b779dc3b9abd043a76f90e270,a8d0f4ae07ac9bea545d52c46b53c54addcd804a
q-9016-8940,textual_conflict,clean,unknown,one_or_both_patches_not_exactly_reconstructable,False,False,999aee7f479b6d34ab7e2ba6df1e1f50355362ed,feeeaeebdb4dd1b006b9ecb557e3644037e424a0,4a98b925591b254f9f8780a5b4e9fbd03967a3dc
q-9021-9088,clean,textual_conflict,clean,,False,False,c095a78a24ec6b253559a72bed9230f047f6395a,8aa6e30604dc6789b1b84985fe9930408e8b0c4d,b2632012718d5660bd2c7a5e5fa9bdd13daee880
q-9026-9007,textual_conflict,textual_conflict,unknown,one_or_both_own_chains_unqualified,False,False,7c2c23be8908d130ba90640c0577f64683173014,be7b698b479cf34791897f9bceb679321390cc0b,02feeff9f016c09e6f4a850cefeeb0b5b7339fdc
q-9028-9014,textual_conflict,textual_conflict,unknown,one_or_both_patches_not_exactly_reconstructable,False,False,64a3258048cc7c72f834bef59866175161f1df5e,24a73df33390368aed4699454ad8dee1f10e7945,5d615e01ece19675a913cbcc95e8bf775f63c82f
q-9029-9036,clean,clean,clean,,False,False,0085de7a501a5c968eb935b8776bdecbba9c4dae,27fa3030624fc887da7867179c54e739d21183c4,81466071706142bfede977cd0cb583f990bdac87
q-9032-8968,textual_conflict,clean,clean,,False,False,c3e2eb90bfff977866ec988b776bfa9a60451e72,212cf0b830a2ccdf12ba3acc4daa09b9824cbb4a,3953664ba4fb83912681be7541f50fa27ebba7ec
q-9034-8944,textual_conflict,clean,unknown,one_or_both_patches_not_exactly_reconstructable,False,False,96cf99d8f19b2526099ccd85d8948eb2000c78de,f4cad7c6357324a06757fb5e45c5e802c01c4f38,cbd1fc3a5ffc6eacca67a85094f6518efad78733
q-9038-9015,textual_conflict,clean,unknown,one_or_both_own_chains_unqualified,False,False,c3db840705d7a6485396fae5072e6022eaaafd9b,d83e428314def3aef220a2ee3e1a3c7430f641b8,43d3a092d22f47f39c0a5248a7d23efc88f42513
q-9043-8976,clean,clean,unknown,one_or_both_own_chains_unqualified,False,False,b281585bf1ddd0747fc7f242b90c157363f22ff4,5098d1c8f86a97ab1bc4956d1cfb9ff4054c1829,f629dade6048b8113b1c5e7c68411fdfcf9baf26
q-9048-9113,clean,clean,unknown,one_or_both_patches_not_exactly_reconstructable,False,False,680f612c0bf19ae534af2f3dc206150f116b417c,0f89d4e2a7af394f74f5d40df411a2bb73f606b0,4819e9d874158ba62e4c2cf761c77541e6599747
q-9089-9365,textual_conflict,clean,unknown,one_or_both_own_chains_unqualified,True,False,65634118b23e4db5f6171c13fdaf857badb39324,a2b94ecdb6e8f1eaa70d1d7970886b786935110d,c950de656d80de783c2b87005655a498c80267ed
q-9090-8943,clean,clean,unknown,one_or_both_patches_not_exactly_reconstructable,False,False,953de96a1714e996a73dc914212909232b93df0c,7a9183862613712e1c0321fe9a9ce65f6729d459,8925413a2b9bbc29e6f6a58b36e20be69ffcbff0
q-9091-9060,textual_conflict,clean,unknown,one_or_both_patches_not_exactly_reconstructable,False,False,9152987236fdf720c41fccc10498bc8dd84e0275,1af3a668b17b6b9cd45d232719b4a1a568e31e7a,d0a22a5449c2fe4656f07c5a2dae1a3277098875
q-9092-8987,textual_conflict,textual_conflict,unknown,one_or_both_patches_not_exactly_reconstructable,False,False,42e150430272c8f50ddf0e40ae28b4007f476fb3,4f21889396a145841904c846dc42bb06432864a1,07af0cb5eaed00b98ab736606cc62d4baf83a0d3
q-9096-9197,clean,clean,unknown,one_or_both_own_chains_unqualified,False,False,101aa8f6681a2fa4bced44dbdcd06fae82ea4984,34c7c467bac9ff4459df1fbe0c0bf4394c843e74,44af5486ceea0194a10060079a4607bebb290b65
q-9098-8912,textual_conflict,clean,unknown,one_or_both_patches_not_exactly_reconstructable,True,False,77b6b18db28efb4fe7d7450f0193d101fd8fbf69,4ba4b88684b556516dd14b7380d9ce2c1a63b38d,104f4a03e3b59895b555168c4a340215cd6d558e
q-9102-9134,textual_conflict,clean,unknown,one_or_both_patches_not_exactly_reconstructable,True,False,76f888f14e90e156d667dd03fc6de4e49c1d6bef,e6eaf16dd6b99268d3d7ad339f0affdc4f9b0d44,3d539127409665f325fe2b95d693fa3312ea4f56
q-9106-9005,textual_conflict,clean,unknown,one_or_both_patches_not_exactly_reconstructable,False,False,b14524b99f2b2819b1b8fc773169d96a55bdec80,a69764f3ef6c619ed998138de2aee30c32fe3382,fb2c1b857fcc8cae71e25bda36d42ae05d0d098e
q-9108-9440,clean,clean,unknown,one_or_both_patches_not_exactly_reconstructable,True,True,7cdbe65bb67c71d3e21d7d4fe66fea37a240687f,034739ddd817d4eef99634ab54b87585e613cf2c,085edcb9db9448e9f0d1e64a890df242c00b2171
q-9109-9222,textual_conflict,textual_conflict,unknown,one_or_both_patches_not_exactly_reconstructable,False,False,7cdbe65bb67c71d3e21d7d4fe66fea37a240687f,1a11443ffc5355f86329ee41d8d0bf5d9274ce37,e0e7bc94abe062a48b1d655d6d1c4e8f2d5a2c8c
q-9111-9067,clean,clean,unknown,one_or_both_own_chains_unqualified,True,False,65634118b23e4db5f6171c13fdaf857badb39324,c79e8dc1655337dfe0303b8550089c0a9c9615d7,d207ac8f39c83fc9d98a6668e7a10932a54c31fb
q-9122-9056,clean,clean,clean,,False,False,866ffab68379f630c5b2ef28b3538e2d43181e88,4208972abaa4b279d8544053b353139fe9e500fa,3e0393d75aea86abca4491bada4315d8962e5a61
q-9123-9105,clean,clean,clean,,False,False,ec64146b2b759fdc65cc0753cf9b201b7f87a509,d82490cc706f09ec3d8879256a6e12acfd5f19c3,f80f84366df3c2c1c1453b61995143f895d51b1c
q-9124-8967,clean,clean,unknown,one_or_both_patches_not_exactly_reconstructable,True,False,0309f93ffb97a30b42b0eef920534cf284dbc94f,e703d122c527e87b084508f43b7ba169893b923a,c79cca27d8a1efc2b6df838a2457c3f69d569209
q-9141-9231,textual_conflict,clean,unknown,one_or_both_patches_not_exactly_reconstructable,True,False,2a0ea8a08405712a47ef64c4a5d672bdaa0afd4d,2fa5284be4c167052871362528bc01518c9a644f,35a508417718a1cce1aed90f1da9e29f351d47d7
q-9144-9392,clean,clean,unknown,one_or_both_own_chains_unqualified,True,False,b281585bf1ddd0747fc7f242b90c157363f22ff4,17dd3dd24ab5b5f2d79f4d00e1a1cad6c5adddd7,2eb923d5d14d1d88dd7225d6ac62f8a0258d35ee
q-9168-8841,textual_conflict,textual_conflict,unknown,one_or_both_patches_not_exactly_reconstructable,False,False,81b9a55360b3823d7dc1c360825c85ce7f3d9be1,4c56b6f4154a234920915ef52eb4e3100b22fe71,9443653f269049c53c17368eee38be4d80322991
q-9171-9133,clean,clean,unknown,one_or_both_patches_not_exactly_reconstructable,False,True,bf9e253a322ac92d8a6193fc953b436e2c3f0af4,8cf4a149a915cfb27c1bcb510fd9abf329ecbe28,a1326ca5ee6c9be4a9b13acc058c8646050fe01a
q-9194-9312,clean,clean,clean,,False,False,40e667b14e88e362ed798a2996525568977a2b2e,ce450be8e68c73dca0fd0b41f731374024bfb98b,7d2241f3ebf7358e703ced7fd16f4c4d002e2121
q-9273-9239,textual_conflict,clean,unknown,one_or_both_patches_not_exactly_reconstructable,True,False,61a586c1268a9e1d598f484054bd637b63a6143b,36af27cfe535634251352c5ddf3c98a8632a1a59,9b2815d71d45e44114c967eb3a6fa9961b21d46e
q-9278-9430,clean,clean,unknown,one_or_both_own_chains_unqualified,True,False,b281585bf1ddd0747fc7f242b90c157363f22ff4,56deb629bed650a341c1df15fb897c37270e6ca0,83a973ed600465d3bccd116b9d2f87fe27fb9317
q-9288-9300,clean,clean,unknown,one_or_both_patches_not_exactly_reconstructable,True,False,25f56c5a8e74d9ac979c807b1264bc0c0dcd97e0,b53dd0ff3cb4faf3a138947fece0d5129605c745,93f200ba8fa32b1a5ca6ba012c6b3896e9680fcd
q-9289-9299,textual_conflict,clean,unknown,one_or_both_patches_not_exactly_reconstructable,True,False,39dbd602fcfab8bd0f05ee374fe62eb0f67d3089,9d86253a36ccb8017aecddab65110a498a089b4d,bba138a95f33df9806f894558f6d39d385f35698
q-9292-9083,clean,clean,unknown,one_or_both_own_chains_unqualified,True,False,b281585bf1ddd0747fc7f242b90c157363f22ff4,2d64c402c7fb17a98e3ff39d6136fcd7f02e711e,8c082ee0eb22aecc6f2bd69d1cef2e967631ab62
q-9294-9441,clean,clean,unknown,one_or_both_own_chains_unqualified,True,False,b281585bf1ddd0747fc7f242b90c157363f22ff4,947defa3c0362df31e41e2c5a41b0e44a7c6fb97,5774008e967390c53eb7963a4c526ceaee89d5e9
q-9310-9370,textual_conflict,clean,unknown,one_or_both_patches_not_exactly_reconstructable,True,False,5052c0acba6fa5e733b60464b3db18a79e6a53eb,c186c1492875706825fa06fe39120e57366db905,f5bbf0098f975e70c07851a34ac9c37061dee3e8
q-9311-9135,textual_conflict,clean,clean,,True,False,0dd0aadb8a0b6fd6440fe17f567f5c477c2d5b12,6581feb9a9918c82a5b646e8470da70cfc57f426,d5a2d6e5849640cb6f505883d4a0e3b5495aa5b6
q-9314-9297,textual_conflict,clean,unknown,one_or_both_patches_not_exactly_reconstructable,True,False,091869563caa2f37c2ffedead66f3b8c5244c3df,2114c8c94820a78cac437f7c9af26c9c893600fb,a58f8825b7a3c789a19ad04d4ad1d4cd86c3cd8b
q-9315-9467,textual_conflict,clean,unknown,one_or_both_patches_not_exactly_reconstructable,True,False,ab8dbc075d5e834a0062a527dd04e96a685402d5,1235bcefc4dba0afa8a9a8fa392afdb56c35d611,1c9d9214d1706fc42f195edbffccad061f3cdd74
q-9318-9443,textual_conflict,clean,unknown,one_or_both_patches_not_exactly_reconstructable,True,False,c12dd5a604c1fa154fe0bc8363656f462dc6158c,ed7d80b86beecd24a9b3d9bdcfe725430af57109,2e4161b0f50c6bc0b64d6a7d67883ae0201bfff8
q-9321-9410,textual_conflict,clean,unknown,one_or_both_patches_not_exactly_reconstructable,True,False,4a10f5a1d0e2da63599f3d764bd84cb8ff8b7a7c,97ba3ec42fb757a081d0dacfc1ed9db39d5bfe17,27992a9e2a8ae3e22303bf1be294ad3e58e6d82f
q-9325-8840,clean,clean,unknown,one_or_both_own_chains_unqualified,True,False,262617fefca35359559aea624909bbff50d8de33,b2f6cce0de3722b6072e503dcb6a76c17bde650c,fabad725773174309bd68efc6a3fd96b50fe0c1b
q-9326-9107,textual_conflict,clean,unknown,one_or_both_own_chains_unqualified,True,False,cf8b6f076876b6f8f7bc13daaeacff94dffca026,054843aa17970ef40cb4d9ed52cff859efda7477,fa83b24061d2ec14b8e0e649aa22357cd2f3011c
q-9327-8959,textual_conflict,clean,unknown,one_or_both_patches_not_exactly_reconstructable,True,False,c373483af88ef5c5ff799083226a9f94726562ed,87d61c0ee9c9284e89330687a6c28bc495495010,13528dd355179fed6299893569376d03978319fc
q-9328-9576,textual_conflict,clean,unknown,one_or_both_own_chains_unqualified,True,False,e0caad48b8403167238a023d7c8c1697fa10e566,26c62e58b6a3b0f12b6fb7a52bcb414c7fab7a56,ff71ca79879364549ca88c18416633222b3eb473
q-9329-9301,textual_conflict,clean,unknown,one_or_both_patches_not_exactly_reconstructable,True,False,ee4f416fabb012928e370dabb9e744746ea28d3c,b6faf2e7608d89bc0f1a2ebdd81a21e4cb900b46,c9de134f71061b6182a3dfcce7f13443550c2514
q-9331-9572,textual_conflict,clean,unknown,one_or_both_patches_not_exactly_reconstructable,True,False,d6e99ab7173b17903be4002117ab734158f3442d,0739ba98749de3680bdcdc74501f90fe1717d66a,25af0ca0409ecf60338af0fd8960a08af520cab9
q-9343-9077,textual_conflict,clean,unknown,one_or_both_patches_not_exactly_reconstructable,True,False,8a99ccdb90881dd3d6e933774d51a22090e89cc6,05f1d192a659dfd8938e4c6c5c5ad1b9fc0f4807,cc2aa3b7e148e639e5f180be7775be0a74076746
q-9357-9521,textual_conflict,clean,unknown,one_or_both_patches_not_exactly_reconstructable,True,False,0e4e01362fc211ba1198f3fa2ddf416d11810d31,bda7ece4066d1a7f7766cd0d73e5971749288209,c36a94cead6669f8eb08d7212a68609b0ab657e9
q-9362-9686,textual_conflict,clean,unknown,one_or_both_own_chains_unqualified,True,False,60319e6e2c9bb8a468b958910406f2887ad833ef,35fcfe6706b182709812bd3b84cc376b795dcf7e,aa506b7107690dcef75ae9a9f1bd40611cdd7790
q-9364-9140,clean,clean,unknown,one_or_both_patches_not_exactly_reconstructable,True,False,60319e6e2c9bb8a468b958910406f2887ad833ef,96d29b88b4e2ee6c26945c423776f634c6d07058,086d21ed9797f4f61af097be059b26cc7f7b73ce
q-9378-9391,clean,clean,unknown,one_or_both_own_chains_unqualified,True,False,5008053c08f1a5052c3cd85a951f8c71238f69a4,ef56339a8e8e609a9bc3ef2a05cb7ff38c58956b,865f89c56cb6a3daf00ac07ff8355adb64977e26
q-9421-9366,textual_conflict,clean,unknown,one_or_both_patches_not_exactly_reconstructable,True,False,83abe1f97828c17b5e3d7be8eea076fbd3fca209,9249f48a752e1aebad06a6a36bd79648462ef507,dab61b305d17893306d208c4e20e18454a2cbc6d
q-9431-9447,clean,clean,clean,,True,False,0dd0aadb8a0b6fd6440fe17f567f5c477c2d5b12,a2e5974c9a842a9eb22fde9e1c8beed21b47f06f,60d702f177b02e6eb24478c52c422d3a8e864711
q-9433-9432,textual_conflict,clean,unknown,one_or_both_patches_not_exactly_reconstructable,True,False,3c1062871ff2f2276f99c56dea3876888d44719c,03c975cc1092f1aa174f8e5d6a9ad94823c42b81,3a60cf1188e13d70a8642f1bbcf16b42fde3da4d
q-9434-9552,textual_conflict,clean,clean,,True,False,0031658aeb9263653e85b093a2992aa8f0d07bf4,a7ace453b67323bb16fd846d35653a9ddecc8585,0a2004c4eacb1c64cb81294667d2ed3419e698a8
q-9442-9085,textual_conflict,clean,unknown,one_or_both_own_chains_unqualified,True,False,53a29fd9e938f5bea55740940df709b32aac1008,3cad8481bba2fea890cd8b49a71fb2f1595923d9,5763e9d867532069fd183f231f5ecae63e396328
q-9461-9287,clean,clean,unknown,one_or_both_own_chains_unqualified,True,True,53a29fd9e938f5bea55740940df709b32aac1008,5f5dec75e851123227345d3ed9d8f5746ae3375e,a9331556b742ac6894d430c6020c5e6cacbcb49d
q-9465-9445,textual_conflict,clean,unknown,one_or_both_patches_not_exactly_reconstructable,True,False,9135761f61eb313dafbf8d3647d133ca0e5cc6e7,e7fe155e08698eabb41325b1535c0ec29e642410,8e123366443c291b3986e470ec040affd1f23d82
q-9517-8884,textual_conflict,clean,unknown,one_or_both_own_chains_unqualified,True,False,65634118b23e4db5f6171c13fdaf857badb39324,fefa7f97b282986c260ef705a86090121b484b39,caf052f2dd14463fd5c214df53689552488f1402
q-9554-9553,clean,clean,clean,,False,False,3c1062871ff2f2276f99c56dea3876888d44719c,f1afa8c718cfb039effa8ea4365a3aa23462fbd9,14f5d42d57676070ded20857e08ed1136dc59f2b
q-9565-9322,clean,clean,clean,,False,False,a2ad089b6eff342778352b9b77abdc3049161ffe,4d7d248eb881d66db30e66efa79815debcbcc9dd,64c81a6ed51411ca33b8c00ddd8a4f03ef02d3d7
q-9586-9017,clean,clean,clean,,False,False,c598c1ace24ae4c489e5635ba7d02adb79f48ddb,40d9f9cf122f84a799635a63a430509c20cba4c4,b43e1e160222a7d98fb4b2ab1aa922e8b610c059
q-9588-9605,clean,clean,unknown,one_or_both_patches_not_exactly_reconstructable,True,False,c598c1ace24ae4c489e5635ba7d02adb79f48ddb,0dabdd65474197c9b06001e7c97f0a2add790ec9,e10774c49ea758f246db04a82016c957d6744995
q-9590-9606,clean,clean,clean,,True,False,3e68a9fef97f77b44dcc2fe8047536ad1bc38539,4657d2f5a99e3ababc01536fddb62331863f7b3b,f43665808666191c99eaa42d7f9210f28e1ab2ad
q-9591-9585,textual_conflict,clean,clean,,True,False,e09b05a70c6c748bc483dc5d63e2c4ea326d2041,8521d4afca429c96b41645f7aafa8c484ee1de04,5347f43735f4747af6498ab49cd86854f7499e1f
q-9596-9589,textual_conflict,clean,unknown,one_or_both_patches_not_exactly_reconstructable,True,False,fb29d697c08870ba3b8b788ab71b0a7c5d95197e,5c0054c13d2fb5df82652b5a168d7ee0b9c5b3b3,443e95314094e137f892872f1fd3d2d318958aee
q-9597-9673,textual_conflict,clean,unknown,one_or_both_patches_not_exactly_reconstructable,True,False,72a893ead01d1858f7e99787d552498bfe2f61dd,4eaf4ed9a1d9cd4a499c0d40ee49db4623fc6e78,bcc2d25c75ef06c8bcf4069aec738d3049c48a8e
q-9598-9651,textual_conflict,clean,unknown,one_or_both_patches_not_exactly_reconstructable,True,False,94436e61624799433851ce37f1d5f2495d41573c,5f9af1359be6f15c0d148ddc14fd07b1ede43fb7,ff1e53f92fc3dfc7a1fa8790a841449a6a01ff88
q-9599-9631,textual_conflict,clean,unknown,one_or_both_patches_not_exactly_reconstructable,True,False,2a0ea8a08405712a47ef64c4a5d672bdaa0afd4d,b09dac069a44bda308672c322efce911e713090a,34a1d1f8061d2b184c90d85d015561584620db46
q-9620-9610,textual_conflict,clean,clean,,False,False,3752c6af176395a4acf417c3ea89e5e29cbf1690,c0adee79c4af6369509a0d97273ebe4be36e7824,743fa45285b09978417106af37449f76f71db403
q-9630-9592,textual_conflict,clean,unknown,one_or_both_patches_not_exactly_reconstructable,False,False,3752c6af176395a4acf417c3ea89e5e29cbf1690,32e718cde0fda9fb09fd94674e833963166c5eee,029b02f6d53eb9deb59b11ec77c8fb941aa28d29
q-9649-9647,clean,clean,clean,,False,False,0088b85dce5e77e0720ae07b6e74b84c247ccd98,2210193507a5badafd9d4bd44a59ef219443d35f,962d5d9f4ff1417e75d07dd6d1a4cfdf3eb2c522
q-9672-9674,textual_conflict,clean,unknown,one_or_both_patches_not_exactly_reconstructable,True,False,cf8b6f076876b6f8f7bc13daaeacff94dffca026,815427c314059adbe90c93df1e544f506e963453,851060a6c0f3c7f3f63ac0e9b7495df12c09778a
q-9683-9685,textual_conflict,clean,unknown,one_or_both_patches_not_exactly_reconstructable,True,False,8f8f746a846ea5f74b38fffc7be7588031149fe5,89d64ebec547c1079c65e979973faddbac30dbac,9d9d52047ac1612d4e6be2a8d31aa88f1f98b32e
q-9699-9657,textual_conflict,clean,unknown,one_or_both_own_chains_unqualified,True,False,79586c3bb1655585c892dca20d0f61721869fc27,f6e278e6cde1b2acc808a4f0c5d58cf53d3c80be,e7b140fa967071b460a45a774b5a34346a1a88ed
q-9724-9669,textual_conflict,clean,unknown,one_or_both_own_chains_unqualified,True,False,85332cf8320de6c3296d0beb1f38ba917a6dcea7,91ce4880bd0010a96b8a898d826aa3c723701947,940d04ae8b4208fece42b959d0ffb330fd45bde9
q-9772-9768,textual_conflict,clean,unknown,one_or_both_patches_not_exactly_reconstructable,True,False,2b5dbaba1d57c2701712175ade08adefc9dcd814,86c3e1842365be62a0cf88064344948450fc3646,77758579d932455246abf8282d25a3fa1a9f43f0
q-9824-9687,clean,clean,unknown,one_or_both_own_chains_unqualified,True,True,626902e3d51b3b1dcb90eca083d0d003d8ba76b5,d5f4d63539b8c650544d5a3d54bcff3976f9e90b,8a5965e288c48a2cc8899bb932bd53eb143cfa6c
