issue,cutoff,source,source_author_date,source_committer_date,first_author_date,first_committer_date,lastEditedAt,source_ancestor_patch_base,final_head_not_ancestor_source,patch_base,head
9467,2026-09-29T05:07:00Z,53a29fd9e938f5bea55740940df709b32aac1008,2026-09-29T04:13:36+00:00,2026-09-29T04:13:36+00:00,2026-09-29T07:08:43+02:00,2026-09-29T07:08:43+02:00,,True,True,53a29fd9e938f5bea55740940df709b32aac1008,1c9d9214d1706fc42f195edbffccad061f3cdd74
8919,2026-09-25T16:15:20Z,285ce9ad546715140402e09dac756921ea5bfd53,2026-09-25T16:11:17+00:00,2026-09-25T16:11:17+00:00,2026-09-26T07:18:24+00:00,2026-09-26T07:18:24+00:00,,True,True,93df5516467971876ff4af9917a50a593910104a,fbb135e7d85aeebb511f15cf1c16970bc266ad33
9038,2026-09-26T08:01:00Z,44d2f2a1bfd0123e0fbe72fe2acad9914cf5263c,2026-09-26T07:57:04+00:00,2026-09-26T07:57:04+00:00,2026-09-26T02:58:43-07:00,2026-09-26T03:20:00-07:00,,True,True,c3db840705d7a6485396fae5072e6022eaaafd9b,d83e428314def3aef220a2ee3e1a3c7430f641b8
9105,2026-09-26T17:04:54Z,e4501965c906d65965c685e5808be8e512a1ecba,2026-09-26T16:36:34+00:00,2026-09-26T16:36:34+00:00,2026-09-26T10:50:16-07:00,2026-09-26T19:11:58+00:00,,True,True,953de96a1714e996a73dc914212909232b93df0c,f80f84366df3c2c1c1453b61995143f895d51b1c
9591,2026-09-30T02:34:25Z,4acbaecf4c883858cf1a50c2fe13afb6160b340c,2026-09-29T19:24:13-07:00,2026-09-29T19:24:13-07:00,2026-09-29T20:52:55-07:00,2026-09-29T20:52:55-07:00,,True,True,05c2ad6362fdf02e44e35ed5b5b2cd32bce1c3b0,8521d4afca429c96b41645f7aafa8c484ee1de04
9683,2026-09-30T11:39:27Z,d6dd1941b0fe2f467b35fbc33b7eec4a5bdc3eec,2026-09-30T11:36:54+00:00,2026-09-30T11:36:54+00:00,2026-09-30T15:31:06+02:00,2026-09-30T18:14:47+02:00,,True,True,497c13ffb491b51e582ed56c075df2e63b3375a4,89d64ebec547c1079c65e979973faddbac30dbac
9133,2026-09-26T19:52:43Z,ec64146b2b759fdc65cc0753cf9b201b7f87a509,2026-09-26T19:36:10+00:00,2026-09-26T19:36:10+00:00,2026-09-26T15:14:41-07:00,2026-09-28T15:43:22-07:00,,True,True,4aeed2e56a3dd3002d1989eb28226def78fb7af3,a1326ca5ee6c9be4a9b13acc058c8646050fe01a
9442,2026-09-29T03:31:14Z,88b08384d0e827ac03eaa84dee791177a9f9ab11,2026-09-29T03:21:08+00:00,2026-09-29T03:21:08+00:00,2026-09-29T07:00:58+02:00,2026-09-29T07:00:58+02:00,,True,True,88b08384d0e827ac03eaa84dee791177a9f9ab11,3cad8481bba2fea890cd8b49a71fb2f1595923d9
8757,2026-09-23T13:33:20Z,0c66c5696315ea61d9ea77d634f94849c2ad6ba2,2026-09-23T13:06:00+00:00,2026-09-23T13:06:00+00:00,2026-09-23T16:50:37+00:00,2026-09-23T16:50:51+00:00,,True,True,0d0a5e6b71d3a7ffafd6764c4322a6de05e7936a,21f190e2e10254eda3f5cd1a78b7b005e1d9b09f
9440,2026-09-29T03:31:11Z,88b08384d0e827ac03eaa84dee791177a9f9ab11,2026-09-29T03:21:08+00:00,2026-09-29T03:21:08+00:00,2026-09-29T07:30:40+00:00,2026-09-29T10:18:13+00:00,,True,True,2d0e508b6a048152cc7fe47ed55cf5dc5ee2fd1b,085edcb9db9448e9f0d1e64a890df242c00b2171
8758,2026-09-23T13:33:40Z,0c66c5696315ea61d9ea77d634f94849c2ad6ba2,2026-09-23T13:06:00+00:00,2026-09-23T13:06:00+00:00,2026-09-23T16:59:20+00:00,2026-09-23T16:59:35+00:00,,True,True,0d0a5e6b71d3a7ffafd6764c4322a6de05e7936a,9767f3bb0d00557ab3404b825bb8fbfaa3c292f2
9434,2026-09-29T02:50:38Z,76f888f14e90e156d667dd03fc6de4e49c1d6bef,2026-09-29T02:09:56+00:00,2026-09-29T02:09:56+00:00,2026-09-30T02:35:37+00:00,2026-09-30T02:35:37+00:00,,True,True,9a44ec2634cc4513594a7d5cd03e2523e135a5bc,a7ace453b67323bb16fd846d35653a9ddecc8585
