issue,method,k,hits,returned,actual,precision_at_k,precision_returned,recall,strict_primary_available,finite_budget_available
9467,literal,5,1,4,1,0.2,0.25,1.0,False,True
9467,literal,10,1,4,1,0.1,0.25,1.0,False,True
9467,literal,20,1,4,1,0.05,0.25,1.0,False,True
9467,bm25,5,0,5,1,0.0,0.0,0.0,False,True
9467,bm25,10,0,10,1,0.0,0.0,0.0,False,True
9467,bm25,20,0,20,1,0.0,0.0,0.0,False,True
9467,augment,5,1,5,1,0.2,0.2,1.0,False,True
9467,augment,10,1,10,1,0.1,0.1,1.0,False,True
9467,augment,20,1,19,1,0.05,0.05263157894736842,1.0,False,True
8919,literal,5,0,0,17,0.0,,0.0,False,True
8919,literal,10,0,0,17,0.0,,0.0,False,True
8919,literal,20,0,0,17,0.0,,0.0,False,True
8919,bm25,5,0,5,17,0.0,0.0,0.0,False,True
8919,bm25,10,1,10,17,0.1,0.1,0.058823529411764705,False,True
8919,bm25,20,1,20,17,0.05,0.05,0.058823529411764705,False,True
8919,augment,5,4,5,17,0.8,0.8,0.23529411764705882,False,True
8919,augment,10,5,9,17,0.5,0.5555555555555556,0.29411764705882354,False,True
8919,augment,20,5,9,17,0.25,0.5555555555555556,0.29411764705882354,False,True
9038,literal,5,0,0,18,0.0,,0.0,False,True
9038,literal,10,0,0,18,0.0,,0.0,False,True
9038,literal,20,0,0,18,0.0,,0.0,False,True
9038,bm25,5,1,5,18,0.2,0.2,0.05555555555555555,False,True
9038,bm25,10,3,10,18,0.3,0.3,0.16666666666666666,False,True
9038,bm25,20,3,20,18,0.15,0.15,0.16666666666666666,False,True
9038,augment,5,3,5,18,0.6,0.6,0.16666666666666666,False,True
9038,augment,10,5,10,18,0.5,0.5,0.2777777777777778,False,True
9038,augment,20,9,17,18,0.45,0.5294117647058824,0.5,False,True
9105,literal,5,5,5,30,1.0,1.0,0.16666666666666666,False,True
9105,literal,10,5,5,30,0.5,1.0,0.16666666666666666,False,True
9105,literal,20,5,5,30,0.25,1.0,0.16666666666666666,False,True
9105,bm25,5,1,5,30,0.2,0.2,0.03333333333333333,False,True
9105,bm25,10,5,10,30,0.5,0.5,0.16666666666666666,False,True
9105,bm25,20,8,20,30,0.4,0.4,0.26666666666666666,False,True
9105,augment,5,5,5,30,1.0,1.0,0.16666666666666666,False,True
9105,augment,10,8,10,30,0.8,0.8,0.26666666666666666,False,True
9105,augment,20,9,11,30,0.45,0.8181818181818182,0.3,False,True
9591,literal,5,0,0,3,0.0,,0.0,True,True
9591,literal,10,0,0,3,0.0,,0.0,True,True
9591,literal,20,0,0,3,0.0,,0.0,True,True
9591,bm25,5,0,5,3,0.0,0.0,0.0,True,True
9591,bm25,10,1,10,3,0.1,0.1,0.3333333333333333,True,True
9591,bm25,20,1,20,3,0.05,0.05,0.3333333333333333,True,True
9591,augment,5,1,5,3,0.2,0.2,0.3333333333333333,True,True
9591,augment,10,1,10,3,0.1,0.1,0.3333333333333333,True,True
9591,augment,20,1,15,3,0.05,0.06666666666666667,0.3333333333333333,True,True
9683,literal,5,0,0,14,0.0,,0.0,False,True
9683,literal,10,0,0,14,0.0,,0.0,False,True
9683,literal,20,0,0,14,0.0,,0.0,False,True
9683,bm25,5,0,5,14,0.0,0.0,0.0,False,True
9683,bm25,10,0,10,14,0.0,0.0,0.0,False,True
9683,bm25,20,0,20,14,0.0,0.0,0.0,False,True
9683,augment,5,0,5,14,0.0,0.0,0.0,False,True
9683,augment,10,0,10,14,0.0,0.0,0.0,False,True
9683,augment,20,0,20,14,0.0,0.0,0.0,False,True
9133,literal,5,1,5,18,0.2,0.2,0.05555555555555555,False,True
9133,literal,10,1,10,18,0.1,0.1,0.05555555555555555,False,True
9133,literal,20,2,11,18,0.1,0.18181818181818182,0.1111111111111111,False,True
9133,bm25,5,2,5,18,0.4,0.4,0.1111111111111111,False,True
9133,bm25,10,2,10,18,0.2,0.2,0.1111111111111111,False,True
9133,bm25,20,2,20,18,0.1,0.1,0.1111111111111111,False,True
9133,augment,5,2,5,18,0.4,0.4,0.1111111111111111,False,True
9133,augment,10,3,10,18,0.3,0.3,0.16666666666666666,False,True
9133,augment,20,3,13,18,0.15,0.23076923076923078,0.16666666666666666,False,True
9442,literal,5,0,0,16,0.0,,0.0,False,True
9442,literal,10,0,0,16,0.0,,0.0,False,True
9442,literal,20,0,0,16,0.0,,0.0,False,True
9442,bm25,5,1,5,16,0.2,0.2,0.0625,False,True
9442,bm25,10,1,10,16,0.1,0.1,0.0625,False,True
9442,bm25,20,1,20,16,0.05,0.05,0.0625,False,True
9442,augment,5,0,5,16,0.0,0.0,0.0,False,True
9442,augment,10,1,10,16,0.1,0.1,0.0625,False,True
9442,augment,20,3,17,16,0.15,0.17647058823529413,0.1875,False,True
8757,literal,5,1,1,15,0.2,1.0,0.06666666666666667,False,True
8757,literal,10,1,1,15,0.1,1.0,0.06666666666666667,False,True
8757,literal,20,1,1,15,0.05,1.0,0.06666666666666667,False,True
8757,bm25,5,1,5,15,0.2,0.2,0.06666666666666667,False,True
8757,bm25,10,1,10,15,0.1,0.1,0.06666666666666667,False,True
8757,bm25,20,1,20,15,0.05,0.05,0.06666666666666667,False,True
8757,augment,5,0,5,15,0.0,0.0,0.0,False,True
8757,augment,10,2,10,15,0.2,0.2,0.13333333333333333,False,True
8757,augment,20,2,12,15,0.1,0.16666666666666666,0.13333333333333333,False,True
9440,literal,5,0,0,21,0.0,,0.0,False,True
9440,literal,10,0,0,21,0.0,,0.0,False,True
9440,literal,20,0,0,21,0.0,,0.0,False,True
9440,bm25,5,1,5,21,0.2,0.2,0.047619047619047616,False,True
9440,bm25,10,2,10,21,0.2,0.2,0.09523809523809523,False,True
9440,bm25,20,3,20,21,0.15,0.15,0.14285714285714285,False,True
9440,augment,5,0,5,21,0.0,0.0,0.0,False,True
9440,augment,10,1,10,21,0.1,0.1,0.047619047619047616,False,True
9440,augment,20,2,17,21,0.1,0.11764705882352941,0.09523809523809523,False,True
8758,literal,5,1,2,7,0.2,0.5,0.14285714285714285,False,True
8758,literal,10,1,2,7,0.1,0.5,0.14285714285714285,False,True
8758,literal,20,1,2,7,0.05,0.5,0.14285714285714285,False,True
8758,bm25,5,1,5,7,0.2,0.2,0.14285714285714285,False,True
8758,bm25,10,1,10,7,0.1,0.1,0.14285714285714285,False,True
8758,bm25,20,3,20,7,0.15,0.15,0.42857142857142855,False,True
8758,augment,5,2,5,7,0.4,0.4,0.2857142857142857,False,True
8758,augment,10,3,6,7,0.3,0.5,0.42857142857142855,False,True
8758,augment,20,3,6,7,0.15,0.5,0.42857142857142855,False,True
9434,literal,5,0,1,7,0.0,0.0,0.0,False,True
9434,literal,10,0,1,7,0.0,0.0,0.0,False,True
9434,literal,20,0,1,7,0.0,0.0,0.0,False,True
9434,bm25,5,0,5,7,0.0,0.0,0.0,False,True
9434,bm25,10,0,10,7,0.0,0.0,0.0,False,True
9434,bm25,20,0,20,7,0.0,0.0,0.0,False,True
9434,augment,5,0,5,7,0.0,0.0,0.0,False,True
9434,augment,10,0,10,7,0.0,0.0,0.0,False,True
9434,augment,20,0,20,7,0.0,0.0,0.0,False,True
